{
	"music_disc.ward":{
		"category":"music",
		"replace":"true",
		"sounds":[
			{
				"name":"ba",
				"stream":"true"
			}
		]
	},
	"music_disc.strad":{
		"category":"music",
		"replace":"true",
		"sounds":[
			{
				"name":"bairimeng",
				"stream":"true"
			}
		]
	},
	"music_disc.stal":{
		"category":"music",
		"replace":"true",
		"sounds":[
			{
				"name":"chou",
				"stream":"true"
			}
		]
	},
	"music_disc.mellohi":{
		"category":"music",
		"replace":"true",
		"sounds":[
			{
				"name":"dafengchui",
				"stream":"true"
			}
		]
	},
	"music_disc.mall":{
		"category":"music",
		"replace":"true",
		"sounds":[
			{
				"name":"dan",
				"stream":"true"
			}
		]
	},
	"music_disc.cat":{
		"category":"music",
		"replace":"true",
		"sounds":[
			{
				"name":"gang",
				"stream":"true"
			}
		]
	},
	"music_disc.13":{
		"category":"music",
		"replace":"true",
		"sounds":[
			{
				"name":"gui",
				"stream":"true"
			}
		]
	},
	"music_disc.11":{
		"category":"music",
		"replace":"true",
		"sounds":[
			{
				"name":"lanni",
				"stream":"true"
			}
		]
	},
	"music_disc.blocks":{
		"category":"music",
		"replace":"true",
		"sounds":[
			{
				"name":"laozhang",
				"stream":"true"
			}
		]
	},
	"music_disc.chirp":{
		"category":"music",
		"replace":"true",
		"sounds":[
			{
				"name":"pinang",
				"stream":"true"
			}
		]
	},
	"music_disc.far":{
		"category":"music",
		"replace":"true",
		"sounds":[
			{
				"name":"shanhai",
				"stream":"true"
			}
		]
	},
	"music_disc.wait":{
		"category":"music",
		"replace":"true",
		"sounds":[
			{
				"name":"zai",
				"stream":"true"
			}
		]
	}
}